,tree_id,X,Y,Z,frame_number,number_of_trees,tree_trunk_number,width_units,width_cm,width_units_mid,width_cm_mid
0,1.0,4.980736080202437,0.13853308243175477,-0.5776247671237877,07816,6,1,1.9303150174837158,1648.2845164095315,0.052408728037719954,44.75150126630595
1,-1.0,5.181812758710827,0.1415571310541801,0.2869240702668234,07816,6,2,,,0.0451046173008105,38.51456453590514
2,-1.0,5.181812758710827,0.1415571310541801,0.2869240702668234,07816,6,3,1.2853952077172572,1097.5913253315618,0.024262607065037134,20.71769591533346
3,0.0,4.038229508918278,0.17878621010573215,1.0544738772130309,07816,6,4,,,0.07481276565330663,63.88217577919787
4,-1.0,5.511800181211691,0.14316690489764206,0.3390296519776639,07816,6,5,,,,
5,2.0,4.690414306472266,0.10437305167393562,1.0210144652566093,07816,6,6,,,,
6,1.0,4.973196424307838,0.13181814364510158,-0.5834292221168109,07821,5,1,1.8881274319201269,1612.2607879303264,0.049046275718672316,41.880323223109535
7,3.0,4.945161174292134,0.147104269819194,0.35880432951177,07821,5,2,1.6205490211865128,1383.7771739383386,0.08383410429289717,71.58544320562432
8,-1.0,3.9755415468429924,0.17662611290827812,1.1895706128212762,07821,5,3,0.06990455018225583,59.69107977110654,0.08025782234750856,68.53167731585616
9,2.0,4.756441633093745,0.16924925608865893,1.0015517176442685,07821,5,4,,,,
10,-1.0,5.511800181211691,0.14893555489385113,0.3390296519776639,07821,5,5,,,,
11,1.0,4.973196424307838,0.13033773987248654,-0.5803405256407057,07826,7,1,1.9516986912673782,1666.543908313092,0.05352890291065382,45.70801193011187
12,4.0,3.906075572585161,0.13544463481065594,-0.5224329956581624,07826,7,2,0.036404012193280884,31.085169565529153,0.03112637064638135,26.57862282775684
13,5.0,4.664245336310061,0.1399891428847525,0.3755690373556533,07826,7,3,0.06999520675220353,59.76849087717064,0.07011893181412376,59.87413897191571
14,-1.0,4.743812204005843,0.14123053787701045,0.5110319481277719,07826,7,4,0.07414289836960235,63.31018008845388,0.08282176486255688,70.72101258509488
15,-1.0,4.743812204005843,0.14123053787701045,0.5110319481277719,07826,7,5,0.07216842867087477,61.62419215225946,0.06413804174707916,54.7670925040765
16,0.0,4.079728481200371,0.15872690001034573,1.0382223693957267,07826,7,6,0.06822014894078779,58.252779565914146,0.07985998953281692,68.19197024077437
17,2.0,4.756441633093745,0.16093324302509393,1.0076121814867758,07826,7,7,0.05836918699198443,49.8411017284189,,
18,1.0,4.968061798617567,0.12551178836018395,-0.5822215778342912,07831,7,1,1.9526880564310733,1667.3887213439305,0.05346858396335924,45.656505939653705
19,4.0,3.906075572585161,0.13492869432614218,-0.5355197798960232,07831,7,2,0.05546982019077467,47.36534965554968,0.032520687860371045,27.769222006629917
20,6.0,3.0376948918843802,0.15472990146013366,1.0426967219894783,07831,7,3,1.5368454454179903,1312.303188263598,,
21,-1.0,3.531737499111517,-0.1357552753964878,1.1321391517224928,07831,7,4,0.07724942066214145,65.96282100369064,0.0850885073430816,72.65657051190779
22,3.0,4.93135750468073,0.14355246335661076,0.34999345320470354,07831,7,5,0.05843348830021534,49.896008233202785,0.06535312658844905,55.80464622562642
23,0.0,4.039541363152436,0.18609371682925768,1.0508512830437509,07831,7,6,0.07322992257245103,62.53059548352095,0.08679083880992322,74.11018122993944
24,2.0,4.695960575800867,0.1543401453977773,1.0147053976682887,07831,7,7,,,,
25,1.0,4.967355003374001,0.12194150617618438,-0.5826104357781938,07836,6,1,1.7240635143194383,1472.1675841613276,0.052772393768898695,45.062033271922346
26,4.0,3.9276897647723974,0.13812151850751264,-0.5231369601812004,07836,6,2,,,0.032907444525442864,28.099471223406496
27,7.0,4.439349276909992,0.1232393563168872,0.40545050777527436,07836,6,3,1.5141176479013858,1292.8960570961972,0.07380826110524386,63.024435318061556
28,-1.0,3.5063617174356,-0.2348135741849383,1.1387465152868104,07836,6,4,1.4555076455915932,1242.8493245997108,0.08876484166474352,75.79577053089713
29,3.0,4.884965425766987,0.1380001304558799,0.35135106386608417,07836,6,5,0.07196665449609796,61.4518983841006,0.07279238686527689,62.156986344608725
30,0.0,4.079728481200371,0.18848174143302987,1.0809467431853887,07836,6,6,1.5072475907132106,1287.0297561103205,0.0882169188796138,75.32790252244399
31,1.0,4.967284790804837,0.12194150617618438,-0.5803468932779499,07841,6,1,1.8053999715232862,1541.620301367803,0.05765448394142392,49.23082104293514
32,4.0,3.9276897647723974,0.1427752623072751,-0.5290070292167144,07841,6,2,1.965385136410256,1678.2306824454824,0.03287887869798922,28.075079033186867
33,7.0,4.465841538149356,0.1232393563168872,0.4026238264658444,07841,6,3,,,0.06786505745172888,57.94956905466425
34,-1.0,-2.7160945669302157,-0.6543100963131634,5.0641928304183,07841,6,4,,,0.088978549246582,75.97825416439385
35,-1.0,4.7824638499014345,0.14063306989052182,0.3730660530293175,07841,6,5,0.04175450619220284,35.653924578926635,0.047484429205878254,40.54667177206166
36,0.0,4.0939901056287615,0.17878621010573215,1.0417740076557993,07841,6,6,0.0681852081704521,58.22294384987086,0.0820858661694368,70.09263306645185
37,1.0,4.965626090684129,0.12150448553112803,-0.5800368464810832,07846,6,1,1.0633056168460926,907.9503441585207,0.05766957440195086,49.24370669745617
38,4.0,3.894979813265198,0.12031963192009987,-0.522905162139681,07846,6,2,1.9353906994254786,1652.6186110412632,0.030344247231397448,25.91077229395131
39,7.0,4.4588339916829,0.11124608788228174,0.41587996680536143,07846,6,3,0.04169569879142302,35.60370928905026,0.045245671985969294,38.63501029289735
40,8.0,3.5737989066942113,0.1448506632931239,1.0662330928302848,07846,6,4,0.05108239789658204,43.61895584471217,0.059053531561215955,50.4254594871974
41,-1.0,-2.6251365837437186,-0.8985134932007073,5.122826526950237,07846,6,5,,,,
42,0.0,4.081716894217944,0.15257380567158085,1.046905350283859,07846,6,6,1.5734533098217696,1343.5624260196334,0.08618222544465692,73.59048989595395
43,1.0,4.9607094130718545,0.1133225744442643,-0.5772733446846194,07851,6,1,2.800398829242244,2391.2439100372435,0.06048002237013089,51.64353150748351
44,4.0,3.8989086236580373,0.12031963192009987,-0.5246242140659536,07851,6,2,0.03564813841064292,30.439733436712125,0.031362034669660255,26.779854936053727
45,7.0,4.458572342093176,0.11124608788228174,0.4079635951288303,07851,6,3,1.5426339841517707,1317.245987071621,0.04553304458655183,38.880396047911574
46,5.0,4.669996796943609,0.14130494674705718,0.3936618911153733,07851,6,4,1.086107434774843,927.4206809157517,0.0883907281746299,75.47631724604518
47,5.0,4.669996796943609,0.14130494674705718,0.3936618911153733,07851,6,5,0.018550058018542856,15.839784249474507,0.019955377946335284,17.039778580245212
48,0.0,4.083230021614076,0.18337185089419006,1.0436909613058112,07851,6,6,0.06964820459794831,59.47218780081308,0.08743728523765393,74.66217799102031
49,1.0,4.957815047445544,0.11080918978186194,-0.5772733446846194,07856,7,1,,,0.06139389323269234,52.4238804034484
50,4.0,3.8989085167143083,0.12847790330900244,-0.5224329956581624,07856,7,2,0.036340095507954404,31.03059148795651,0.0333271875871603,28.457887328152477
51,7.0,4.418510823012835,0.13034271778212103,0.40545050777527436,07856,7,3,1.5538465857952544,1326.8203609485408,0.05254835591021623,44.87072867644899
52,7.0,4.452995361152575,0.1132623543462502,0.42089819065334133,07856,7,4,0.03684902971993933,31.465167385614578,0.04049609582759184,34.57937545068048
53,-1.0,3.536564028593899,-0.12825943308052923,1.1189949743745835,07856,7,5,2.272371892213664,1940.364847983476,0.09503106281625695,81.14645951527926
54,-1.0,4.75707762160457,0.14030419656074367,0.3236531764860704,07856,7,6,0.05116349196324267,43.68820158607497,0.0603605300888721,51.54149775897853
55,0.0,4.083230021614076,0.1713993889587777,1.0417740076557993,07856,7,7,0.06958855028150857,59.42124933469019,0.08926135780643141,76.21974271216233
56,1.0,4.954448639185666,0.11835688266782163,-0.5696896217530334,07861,7,1,,,0.05143154728210575,43.91709242908316
57,4.0,3.903676965780683,0.1117667040129412,-0.5241044500649226,07861,7,2,0.03657166068410554,31.2283236150614,0.031816363823485516,27.167803899213016
58,7.0,4.424774632051536,0.11874676720162147,0.38738177340026514,07861,7,3,0.0643126341583404,54.91617592598328,0.0711958169806779,60.793684812830385
59,7.0,4.440859601679625,0.11388270045877336,0.4026238264658444,07861,7,4,1.5690641925444062,1339.8145848727443,0.04457663551192914,38.06372402558585
60,8.0,3.5071977865461106,0.1638359524399512,1.0701975087736257,07861,7,5,1.4748965287770714,1259.4053766718523,0.09528677603010927,81.36481150820086
61,8.0,3.5071977865461106,0.1638359524399512,1.0662330928302848,07861,7,6,0.019364540167785757,16.535265714069368,0.02111835907299442,18.03284124959521
62,0.0,4.083230021614076,0.16231907165688586,1.0417740076557993,07861,7,7,0.07038943506185856,60.10512008683288,0.09045482561717333,77.2388377797868
63,4.0,3.908827991698746,0.12358529098021376,-0.5241044500649226,07866,6,1,0.036340626168479474,31.03104461582373,0.032257475834716665,27.54446682289599
64,6.0,3.0176328550932907,0.1813579958072945,1.0801474915922884,07866,6,2,0.07563604607182871,64.5851700336186,0.06899239131829482,58.91219274056758
65,7.0,4.458572342093176,0.11124608788228174,0.40766745394099235,07866,6,3,0.03869651614968939,33.042725063429955,0.04387590421099952,37.46537373404046
66,8.0,3.5654982911732755,0.15827183290458358,1.0650571522877677,07866,6,4,1.100927725686082,940.0756392082712,0.09146553300781424,78.10187481132051
67,8.0,3.5654982911732755,0.15827183290458358,1.0650571522877677,07866,6,5,0.07092639922644803,60.56363059436307,0.07754718421455808,66.2170795306948
68,0.0,4.097193103890099,0.1713993889587777,1.0332945079217994,07866,6,6,0.06914780130781487,59.044896406601936,0.0882359690650556,75.34416936252659
69,4.0,3.8989085167143083,0.1086223029040625,-0.5215413459474139,07871,5,1,0.03795602010830126,32.41041989643516,0.03449099939856265,29.451659314265722
70,6.0,3.0176328550932907,0.18638077087290822,1.141968399665259,07871,5,2,0.07442357916946916,63.54985175462421,0.07962115707783313,67.98803262748314
71,7.0,4.4588339916829,0.10834868228666694,0.4168924168796151,07871,5,3,2.574487403411611,2198.3394867156894,0.05573183925442515,47.589086176121434
72,7.0,4.504450539652702,0.11388270045877336,0.4247340478684256,07871,5,4,,,0.06933185329458103,59.20205730378883
73,0.0,4.041243278417261,0.13075721311751765,1.039757601417795,07871,5,5,0.0013251534977475714,1.1315406927986982,0.0017768827339808002,1.517269601784413
74,4.0,3.913292560977227,0.12031963192009987,-0.5241044500649226,07876,4,1,0.03681536198734354,31.436418708928326,0.03259424207769762,27.83202951547584
75,6.0,2.9925397312646993,0.1928441215302335,1.165012464569113,07876,4,2,0.07445476693597834,63.576482803014166,0.07877414020571716,67.26476995646775
76,7.0,4.458572342093176,0.10834868228666694,0.42089819065334133,07876,4,3,1.0983064436486174,937.8373420617631,0.06180686824239623,52.776517308820615
77,7.0,4.458572342093176,0.10834868228666694,0.42089819065334133,07876,4,4,1.1106011785416365,948.3357430864521,0.033459160792625564,28.570578463629882
78,4.0,3.886970211227923,0.12031963192009987,-0.522905162139681,07881,4,1,0.03710604969938731,31.68463521790873,0.03503405743117144,29.915373339465468
79,6.0,2.993032890740361,0.1813579958072945,1.1559206380822262,07881,4,2,0.07696310790765495,65.71834024495632,0.08796402523594526,75.11195814373806
80,7.0,4.453075873780869,0.10686389891674819,0.4079635951288303,07881,4,3,1.1247901599122534,960.4516299157934,0.052601812502085066,44.916374942410435
81,7.0,4.453075873780869,0.10686389891674819,0.4079635951288303,07881,4,4,0.023263283990529376,19.86437988365844,0.0261326459684027,22.314511016279507
82,4.0,3.906075572585161,0.12031963192009987,-0.5241044500649226,07886,4,1,0.03595078984294851,30.698165695291745,0.03355378854333407,28.651380537334315
83,6.0,2.9925397312646993,0.18960915441666792,1.1660862618393688,07886,4,2,0.07734936851753689,66.04816588315565,0.08643293654481976,73.80457061373706
84,7.0,4.424338373020254,0.10396571544561617,0.4044882191595578,07886,4,3,,,0.04887772297324733,41.73639703595046
85,7.0,4.453075873780869,0.10686389891674819,0.4146829794016682,07886,4,4,1.098243668327084,937.7837385879471,0.049870445216334325,42.584076656921674
86,4.0,3.9243386180187474,0.13014089603672707,-0.5175762133973745,07891,5,1,0.038210635716367014,32.62783465030163,0.036761523547753916,31.390446385468447
87,6.0,3.006230273607434,0.20152239981471487,1.0801474915922884,07891,5,2,0.11643489438302615,99.42306402998295,0.08603877940420368,73.46800217489402
88,8.0,3.556807478285314,0.1675720465333992,1.0712132321094079,07891,5,3,1.4321885462111352,1222.9372842864523,0.10446667809705401,89.20347530247895
89,8.0,3.556807478285314,0.1675720465333992,1.0712132321094079,07891,5,4,0.0750811158571956,64.11131842277638,0.09419427079669496,80.43192778506608
90,7.0,4.424338373020254,0.1149312258155365,0.4017203179346662,07891,5,5,0.0,0.0,0.0,0.0
91,4.0,3.9243386180187474,0.12466369663221888,-0.5255607442434851,07896,3,1,1.210750706281019,1033.852829366875,0.03914852296152421,33.4286909925715
92,6.0,3.004757448698191,0.18638077087290822,1.141968399665259,07896,3,2,0.1218268159985725,104.02719383890098,0.08959629607044195,76.5057445043679
93,8.0,3.5606506130719966,0.16622296434257466,1.0696593615233256,07896,3,3,0.08125591121747203,69.38393946760898,0.10582503479253136,90.36336800840378
94,4.0,3.9073211806856536,0.11928729176452724,-0.5241044500649226,07901,3,1,0.03942024026977213,33.66070878654242,0.04079714116012545,34.83643627021415
95,6.0,2.986346173901001,0.2114098484347991,1.1779936963208884,07901,3,2,0.0687488835331646,58.70426289066229,0.08229899106617511,70.27461914860596
96,8.0,3.5522355282652573,0.1739429290239286,1.0696593615233256,07901,3,3,0.07189398899430534,61.38984974416511,0.09054083815032898,77.31228337044611
97,4.0,3.9047591961202732,0.11540770209299755,-0.5355197798960232,07906,3,1,0.038384097976279896,32.775953042691555,0.04112962215829247,35.12033981772603
98,6.0,3.006230273607434,0.20162712751895007,1.0821676275535248,07906,3,2,0.11850916851623297,101.19427437937478,0.08758617863425666,74.7893171771081
99,-1.0,1.345676149721633,0.3427477210464445,3.0868507450270752,07906,3,3,0.0,0.0,0.0,0.0
100,4.0,3.905763892813652,0.11928729176452724,-0.5316470422132982,07911,2,1,0.03829881933461324,32.703134117611214,0.0414149033821235,35.36393975856678
101,6.0,2.9895556893531334,0.1928441215302335,1.1703278385243965,07911,2,2,0.11618695271662828,99.21134811522562,0.09358495359801422,79.91163545191277
102,4.0,3.901986999631448,0.11928729176452724,-0.5304853497145343,07916,3,1,0.038203528659576234,32.62176597676421,0.042391584553700346,36.197922003950424
103,9.0,3.4628182245998356,0.11181649884060418,0.4328010100349413,07916,3,2,1.7690927987193854,1510.6178223810903,0.03211870097019032,27.42596779118676
104,6.0,3.016064589780639,0.1928441215302335,1.0878149421478276,07916,3,3,0.12627414581705512,107.82474232853924,0.09729579962818513,83.08030481360264
105,4.0,3.8975686293976812,0.11630365851719782,-0.5304853497145343,07921,3,1,,,0.04454731835310022,38.03869027797204
106,9.0,3.426962391526059,0.11704448666849099,0.44784971416964137,07921,3,2,1.7406347970571534,1486.317703963652,0.031757188534202174,27.117274471530827
107,6.0,2.993032890740361,0.1928441215302335,1.165012464569113,07921,3,3,0.12378618106829946,105.70028402219896,0.09183132824446738,78.41422518900016
108,4.0,3.8985550368917927,0.11758593906571835,-0.5239613515797297,07926,4,1,0.03713492046034117,31.709287789031166,0.04536760935306289,38.73913188565899
109,9.0,3.453660299576289,0.12709720512240286,0.452982927982597,07926,4,2,1.4825395403125778,1265.931698779182,0.04168835215519007,35.597436040051626
110,9.0,3.5179547193468017,0.13985917628964128,0.4759393592638168,07926,4,3,0.04670779776596997,39.88351080311972,0.04444756245209014,37.95350930721539
111,6.0,3.008022314580527,0.18591117719345945,1.0878149421478276,07926,4,4,,,0.09980032911973291,85.2189076553246
112,4.0,3.9009065799279714,0.1222697704712703,-0.5266783997692377,07931,4,1,1.0834990048950555,925.1933581502694,0.05046144926267743,43.088731498177886
113,9.0,3.4628182245998356,0.12390145527722296,0.43855912886983717,07931,4,2,1.5611269832095898,1333.0370490137873,0.03477794753195096,29.69668261926654
114,10.0,2.4271527830730437,0.12276627628987158,1.0966705679703104,07931,4,3,0.04451558071236227,38.01158969524751,0.04996370265495598,42.66370862928257
115,6.0,2.996106171118293,0.1839009396895941,1.080357814856662,07931,4,4,0.07296225895738329,62.302039114054644,0.0951821290612418,81.27545408368148
116,9.0,3.462376493374234,0.11361612138256016,0.43483182177566615,07936,2,1,0.23088202014289316,197.14878425127043,0.03765161944061368,32.15049397616323
117,6.0,3.008918146470547,0.1704292261114579,1.0788695301484728,07936,2,2,,,0.09017079099075853,76.99630230106791
118,9.0,3.462376493374234,0.11361612138256016,0.4503021957706297,07941,2,1,1.2597705427301986,1075.7105762549638,0.08307813970751932,70.93992954088758
119,6.0,2.9949964888745244,0.15618173729900575,1.0801244788367912,07941,2,2,0.0016556897758407177,1.4137836554021657,0.001812295029891997,1.5475079507130902
120,11.0,2.887346732941999,0.10453052536573704,-0.4933838633846124,07946,4,1,0.022175898289043035,18.935867698397892,0.02287147848771659,19.529819494353582
121,9.0,3.449118910336175,0.12437459089414715,0.43483182177566615,07946,4,2,1.264588102035171,1079.8242615018528,0.03583692238264358,30.60093494795592
122,-1.0,-0.3364993628686137,2.0139145136906493,3.3226626571096816,07946,4,3,,,,
123,-1.0,3.839825384204002,0.14362555209288608,0.19129583044958753,07946,4,4,,,,
124,11.0,2.8865529099457867,0.10232762655232819,-0.49677290900689464,07951,4,1,0.020398878243403633,17.41848084700461,0.02149470749287219,18.3542029276846
125,10.0,2.3938026065225877,0.2063819115040617,1.085285198630908,07951,4,2,0.03419621116126704,29.19994139115315,0.03217731109077393,27.47601462467656
126,10.0,2.406933169683893,0.1747044379231386,1.1269823761323206,07951,4,3,0.050246295422952815,42.90501291367118,0.05883857110864543,50.241906034831764
127,9.0,3.43456009665098,0.12390145527722296,0.43958282185053,07951,4,4,2.197183749040658,1876.1621395720783,0.03784684151688056,32.317192946361104
128,11.0,2.8871347983721125,0.10232762655232819,-0.4933838633846124,07956,4,1,0.02330972245728723,19.90403341431508,0.02482025788871889,21.19387063806646
129,10.0,2.3938026065225877,0.19154090268226914,1.0951654450509034,07956,4,2,0.04183245898641596,35.72048800642348,0.029671132531955857,25.336003654217315
130,10.0,2.4049504733332254,0.18789133406532116,1.12644670684688,07956,4,3,0.05107052682689834,43.60881920889074,0.058484156969924594,49.93927390900823
131,-1.0,2.528468319594557,0.20514412857242853,1.2063033600904758,07956,4,4,0.0,0.0,0.0,0.0
132,11.0,2.888277006703438,0.11359234050869604,-0.4933838633846124,07961,3,1,0.024864145166814018,21.231345723892538,0.025329167331874958,21.62842538576884
133,10.0,2.3955472076483044,0.19682825067207543,1.0906566889438718,07961,3,2,1.690470881886572,1443.483035057675,0.03920629644993556,33.47802343082374
134,10.0,2.392100690601148,0.18575251231655499,1.1266947737377557,07961,3,3,0.05069771400929345,43.290476560560634,0.060126887050856004,51.34199135798143
135,11.0,2.8862295783942633,0.10059470870152476,-0.4933838633846124,07966,3,1,1.1092116502257494,947.1492331191955,0.02698499919157199,23.04233036573113
136,10.0,2.3938026065225877,0.1903926086132246,1.0885821765814891,07966,3,2,0.031090636497409934,26.54810965041367,0.03731337839817983,31.86167196109924
137,10.0,2.412703160376428,0.18789133406532116,1.1269823761323206,07966,3,3,0.04998781087853396,42.684294498056225,0.06217069765008021,53.08718907683168
138,11.0,2.8876617112869445,0.1138649719264806,-0.49071010772807533,07971,3,1,1.0922256756104975,932.6450103882644,0.027432348507880677,23.424319287134843
139,10.0,2.3938026065225877,0.19154090268226914,1.0906566889438718,07971,3,2,0.03680333228346435,31.426146616310564,0.0356076313147069,30.40514466833426
140,10.0,2.4100259232244126,0.18575251231655499,1.1269823761323206,07971,3,3,0.054167463014696084,46.253274606284684,0.07165528683143596,61.186023386535695
141,11.0,2.8889393532684164,0.11670821905128392,-0.48498673450133634,07976,3,1,0.02507543251330794,21.411762732818453,0.02746783624652177,23.454622056162023
142,10.0,2.3938026065225877,0.19109652849609987,1.0885821765814891,07976,3,2,0.02960698314696098,25.28122687578139,0.03909441504470634,33.38248856410864
143,10.0,2.3938026065225877,0.18789133406532116,1.0992567303699396,07976,3,3,0.04934069237892846,42.13172385879738,0.06013789289045879,51.351389178981144
144,11.0,2.8865529099457867,0.11359234050869604,-0.4923065745976065,07981,3,1,,,0.029143291851938424,24.88528363591794
145,12.0,2.4416361116181067,0.10927977000325845,0.46268015900898973,07981,3,2,0.031629672772793715,27.008389521031027,0.0275181011465353,23.497542955424972
146,10.0,2.3938026065225877,0.19682825067207543,1.085285198630908,07981,3,3,0.036104333113415855,30.829275381025894,0.04749744446177262,40.55778542168541
147,11.0,2.885555322918627,0.10949822893220051,-0.49078092569530973,07986,1,1,0.02551824880504986,21.78988093149648,0.029572971193695285,25.252184271111727
148,11.0,2.886348156637912,0.11899240429336122,-0.4914696452328058,07991,2,1,1.1739389657185861,1002.419502971146,0.030592117741695846,26.122427448938378
149,12.0,2.443764249676467,0.11823661133372482,0.4594156373211806,07991,2,2,,,0.031010262492968788,26.479478765898833
150,11.0,2.886617033650466,0.12182819186684746,-0.48461514737262323,07996,2,1,0.025016809956302847,21.361705279942296,0.03125781041634679,26.690858465832573
151,12.0,2.4421304549450435,0.0992531560133404,0.48225735474057485,07996,2,2,0.2885148657683635,246.3611284648671,0.03709980768868015,31.67930520207884
152,11.0,2.884870976976824,0.11251342259898722,-0.4909172821158285,08001,2,1,,,0.025886287367884897,22.104146872064767
153,12.0,2.4416361116181067,0.1044697736759248,0.48092047246146885,08001,2,2,0.03766295780395256,32.16017573720411,0.03619404740839327,30.905881884095344
154,13.0,1.9531293998774628,0.09739938351174193,-0.4418566953747862,08006,2,1,0.05274919586420197,45.042224719028944,0.04348395495156632,37.13069059181217
155,12.0,2.4419951998739697,0.10927977000325845,0.48225735474057485,08006,2,2,0.04357127064967148,37.20524894727367,0.036209740881192554,30.91928244721041
156,13.0,1.9365946522866895,0.09475889042976932,-0.4430702277841747,08011,4,1,0.046541008756076474,39.7410906592444,0.0428313388402114,36.573425574567494
157,15.0,1.449527945344983,0.1049742939183731,0.4761970209461548,08011,4,2,0.035853992855206324,30.61551132298182,0.03332579222254706,28.456695834605604
158,14.0,0.8730842577154367,0.12439617212336496,1.088173750220339,08011,4,3,0.07377886400292122,62.99933330717378,0.07747320088615428,66.15390560645139
159,12.0,2.441853946642488,0.10895885806474964,0.48347791949334606,08011,4,4,0.03886463241051912,33.186278538988326,0.03790211117841169,32.36438738172727
160,13.0,1.9365052767792736,0.09992512994796576,-0.44749576335802166,08016,4,1,0.0493972711578184,42.180036141692646,0.042684145838005894,36.44773834514552
161,15.0,1.40757565216086,0.09901278081398251,0.4960874116924845,08016,4,2,0.03592401024882845,30.675298759095305,0.03187613230770958,27.21883985252815
162,-1.0,2.118441669244802,0.12331230057649606,0.458043302015505,08016,4,3,0.07748802617262086,66.16656483041892,0.07499718027339086,64.03964632681897
163,12.0,2.4419951998739697,0.10901110529157887,0.48225735474057485,08016,4,4,0.03413736119222865,29.149689752493874,0.038709126905771885,33.053493313069374
164,13.0,1.9257017981990625,0.09621127480936825,-0.4418566953747862,08021,4,1,0.05218605479661211,44.561361909666,0.045276480075633896,38.66131713748716
165,15.0,1.4081011092234597,0.09819619126447013,0.5053207510076263,08021,4,2,0.03570071060325533,30.484624519406857,0.032816675434091724,28.021964035984997
166,-1.0,2.0872096771319226,0.12142168443146628,0.458043302015505,08021,4,3,0.07491317752246367,63.96791687725503,0.07870037025151322,67.20177823118493
167,12.0,2.4416361116181067,0.10901110529157887,0.48225735474057485,08021,4,4,,,0.042867907707387465,36.60465151282265
168,13.0,1.9453429720751139,0.09906142061132117,-0.44738056312343755,08026,3,1,0.05566026034829538,47.52796537376192,0.04283746452915532,36.57865626393538
169,15.0,1.3858162106477572,0.0922808341417434,0.5053207510076263,08026,3,2,0.035404260159094245,30.231487247734783,0.033543789285724435,28.64284223071375
170,-1.0,1.8962260658115917,0.12482578362820279,0.5182194782781469,08026,3,3,2.670388600875942,2280.2289490334233,0.07769110132397805,66.3399694947446
171,13.0,1.9365946522866895,0.09324812530543819,-0.44749576335802166,08031,3,1,0.04887291260484022,41.732289490968505,0.04886141166033936,41.72246890284006
172,15.0,1.4773091646469927,0.1049742939183731,0.4716679757377982,08031,3,2,0.03544261980118434,30.264242318041674,0.036030214640402014,30.7659860576035
173,-1.0,-1.7248417709825719,0.14383927243460215,2.4487918139712193,08031,3,3,2.7177974755701246,2320.7111052571704,0.07785174724767607,66.47714409384238
174,13.0,1.9453429720751139,0.09521427781857794,-0.4488649706703427,08036,3,1,0.0480755908078213,41.05146114910788,0.04948020592421504,42.25085364561582
175,15.0,1.4773091646469927,0.10378989027510596,0.4716679757377982,08036,3,2,0.03680411290967979,31.426813188394576,0.03432245276350998,29.30773834471725
176,14.0,0.8743785761660914,0.1244199586157756,1.0711181136850647,08036,3,3,2.7949521422044046,2386.593016359847,0.08180016960323422,69.8486784672295
177,13.0,1.9424826532080277,0.08351777531539495,-0.45262858327243594,08041,3,1,0.04738484011514046,40.46163323960471,0.05077151570442662,43.35349538923418
178,15.0,1.4094245099723535,0.10378989027510596,0.5053207510076263,08041,3,2,0.03409229222559978,29.111205629854776,0.0362471880940155,30.951258399591087
179,-1.0,1.5854376509981183,0.12827870704183988,0.7025349547553368,08041,3,3,0.07185617122891683,61.357557379151885,0.07357274658240676,62.82333086730304
180,13.0,1.9424826532080277,0.08351777531539495,-0.4488649706703427,08046,3,1,1.419668497537806,1212.2464891643983,0.05166196070322254,44.11384107941218
181,15.0,1.4094245099723535,0.10384040097622968,0.5182877178983785,08046,3,2,0.03724465346263686,31.802988147255025,0.04036081625895138,34.463861031346326
182,14.0,0.8349705648171666,0.06581002441515932,1.1021438947649138,08046,3,3,,,0.08496843013625255,72.55403729893615
183,13.0,1.9389505682596897,0.09535253372420122,-0.44738056312343755,08051,3,1,0.048551601305798164,41.457923683128065,0.05607787835395939,47.884566905778755
184,15.0,1.40757565216086,0.10011948215059802,0.5053207510076263,08051,3,2,0.038723392036265764,33.06567422318231,0.041207495186744714,35.18683513371392
185,14.0,0.8640239734348658,0.07269300187207539,1.0960289815133186,08051,3,3,0.07761822312127063,66.2777392307626,0.08759943887534316,74.80064001813082
186,13.0,1.9421912547396634,0.09330912960898757,-0.4482873203514015,08056,3,1,0.047260908338512944,40.35580863240016,0.056010134367424025,47.82672071845974
187,15.0,1.4090527976522598,0.09819619126447013,0.5182877178983785,08056,3,2,2.851493703529119,2434.873519397446,0.04350040635494279,37.14473834734069
188,14.0,0.8733229053483469,0.1090251148502803,1.0958322359262245,08056,3,3,3.14119887758712,2682.251045033652,0.08273478249111355,70.64673885528806
189,13.0,1.9389505682596897,0.09519735799103285,-0.44733860391674307,08061,3,1,0.8571143091338916,731.8848124489424,0.05981949573008988,51.079511736827186
190,15.0,1.4090527976522598,0.1045111821964928,0.5182877178983785,08061,3,2,0.041607360781218156,35.52827798736515,0.04347318700912417,37.12149590978347
191,14.0,0.8491634117591067,0.07954094671247311,1.1081723685282605,08061,3,3,3.197728382393215,2730.521253081687,0.08804516910594162,75.18124641187313
192,13.0,1.903871898101809,0.08237989986755523,-0.4450509559279512,08066,4,1,,,,
193,16.0,0.9139936294597947,0.08677686231542192,-0.4396955105432575,08066,4,2,0.0,0.0,0.0,0.0
194,15.0,1.4069776601321902,0.09691274037764835,0.5168344208086169,08066,4,3,0.03746285490050665,31.989309057697874,0.039177789444998945,33.45368146880166
195,14.0,0.8527543991616735,0.09307052892869169,1.1001701329196099,08066,4,4,3.2690811525769963,2791.448959301455,0.09256244479729991,79.0385212664847
196,15.0,1.4056886863381979,0.09819619126447013,0.5159510934571547,08071,2,1,,,0.04474276887581874,38.2055843172367
197,14.0,0.8491634117591067,0.10796038678927164,1.0989962527152,08071,2,2,3.354040160512421,2863.9949510391257,0.08813454421769729,75.25756328840619
198,15.0,1.4056886863381979,0.10011948215059802,0.5082998476313769,08076,2,1,,,0.04643150065002577,39.64758233858697
199,14.0,0.8432033981610629,0.10334567563479435,1.1031962896831486,08076,2,2,3.332964953965314,2845.998957474815,0.10067491770246906,85.9657136461062
200,17.0,0.8904116420600394,-0.15913232977468633,-0.43938741054787955,08081,3,1,0.03217552140240248,27.474486420417076,0.03358495567847364,28.67799396872043
201,15.0,1.4035766679745962,0.09691274037764835,0.5159510934571547,08081,3,2,1.0931946653282436,933.4724249469527,0.04742539746960772,40.49626492344358
202,14.0,0.8659518244647308,0.10483561447677434,1.0989962527152,08081,3,3,0.07704405985796203,65.7874646340098,0.09979567057190852,85.21492974903555
203,17.0,0.8658911530776037,-0.12183032605328561,-0.4245491992464836,08086,3,1,0.0,0.0,0.0,0.0
204,15.0,1.4056886863381979,0.09819619126447013,0.5183941220999986,08086,3,2,0.0385494202084909,32.91712071382477,0.0484451248288611,41.3670040525457
205,14.0,0.8491634117591067,0.11558520825151636,1.097768517800493,08086,3,3,0.0032789249335210195,2.799854505321665,0.0035572413735991404,3.0375072587261265
206,17.0,0.8626602653175219,-0.12652485959613718,-0.4245491992464836,08091,2,1,0.04510454669808323,38.51450424865611,0.03767948868562776,32.17429135877937
207,15.0,1.4045537440822153,0.09691274037764835,0.5168344208086169,08091,2,2,,,,
208,16.0,0.9192874117769122,0.09716096860069778,-0.4295192289157099,08096,1,1,1.5621891449832035,1333.9440226370104,0.03779089641479799,32.26942175632402
209,16.0,0.9164241097036117,0.09610624369426596,-0.4295192289157099,08101,1,1,0.04105554085873028,35.05708223649298,0.04140637395419727,35.356656530773755
210,16.0,0.9192874117769122,0.09482434071700063,-0.4295192289157099,08106,1,1,0.04356028931393601,37.19587204998057,0.03942650701583833,33.66605992374833
211,16.0,0.9215549919945384,0.09716096860069778,-0.43684908304727965,08111,2,1,0.042506373727864345,36.29593979727029,0.04129408384653438,35.26077267548055
212,-1.0,0.43572311713951106,0.09813089205401665,1.1047047903489347,08111,2,2,0.045739078369718744,39.056327070348516,0.05336348095704069,45.56675910746629
213,16.0,0.9131540037827495,0.09716096860069778,-0.42991668057943877,08116,1,1,1.015459724427426,867.0950210982006,0.04178176508241821,35.677200783209116
214,16.0,0.9154850505936032,0.09839034990169121,-0.42991668057943877,08121,1,1,0.04299346349793265,36.71186285585564,0.04446311986726642,37.96679369153513
215,16.0,0.906695069471727,0.09621672127464037,-0.4243759340757599,08126,1,1,0.8574791897342194,732.196381824102,0.04920429711526958,42.01525675412056
216,16.0,0.9072434697659216,0.0939908789781004,-0.4289617344522588,08131,2,1,,,0.04873933293996713,41.61822660935424
217,18.0,-0.5511828374104892,0.07677909752048631,0.544944631638534,08131,2,2,0.038579008521019274,32.942385997970355,0.037682672678414075,32.177010151288634
218,-1.0,-0.31827995354582095,0.09826730351642897,0.47751101473113655,08141,1,1,0.4013991543371395,342.75235130079926,0.04109953175221981,35.094645798888266
219,18.0,-0.5631008744216612,0.07869794715285897,0.5429841697427916,08146,1,1,0.03813038414070156,32.55930830699044,0.037848317212521354,32.31845303409478
220,19.0,0.00024211432205090144,0.10661395141959326,-0.3959371393084694,08151,2,1,0.39621403552075485,338.32480917250376,0.0020526389465623796,1.7527361921518512
221,18.0,-0.4576989130446691,0.09821422885320932,0.525924484789437,08151,2,2,1.152823700294276,984.3893033697686,0.041087309541175676,35.08420932554694
222,19.0,-0.0026337056497305333,0.09884314434755148,-0.3975960116480513,08156,2,1,1.4562863778809738,1243.5142794715262,0.02263447181196926,19.327440903096875
223,18.0,-0.542341829419442,0.09005596364384605,0.5454836734356797,08156,2,2,1.0620251278322566,906.8569422029735,0.03815386597089521,32.57935930217754
224,19.0,-0.004225054944014206,0.09884314434755148,-0.4001227984674208,08161,2,1,1.8622774230792025,1590.187619076733,0.02423703670501709,20.69586153694532
225,18.0,-0.4576989130446691,0.09005596364384605,0.525924484789437,08161,2,2,0.04081112461189885,34.848376656542435,0.04046766915368272,34.55510208284516
226,19.0,-0.0026337056497305333,0.10462912664989715,-0.4080686968176101,08166,2,1,,,0.02475818253528106,21.14086486284559
227,18.0,-0.5493121821749368,0.08819199167891645,0.5454836734356797,08166,2,2,1.2797202940198436,1092.7455502665155,0.039527854872505874,33.752600255975636
228,19.0,-0.0026337056497305333,0.09956971392102437,-0.4134516212681338,08171,2,1,,,0.028057372418500648,23.958023488226114
229,18.0,-0.549516176756845,0.07136950003752582,0.5484483729414977,08171,2,2,1.2197211853429137,1041.5126681023014,0.04024706565010672,34.36673006277767
230,19.0,-0.0026337056497305333,0.09884314434755148,-0.40217365092446977,08176,2,1,,,0.025962944758140427,22.16960416182427
231,18.0,-0.5493121821749368,0.07136950003752582,0.5650970256843862,08176,2,2,1.1818061030421683,1009.1372047563352,0.042542433595318396,36.32673110368916
232,19.0,-0.0042534408938564305,0.08340761826177287,-0.40217365092446977,08181,2,1,0.8561730544729377,731.0810806903453,0.02613869804772867,22.319678850832272
233,18.0,-0.549516176756845,0.08858945797065049,0.5546950685176781,08181,2,2,1.0632835564831418,907.9315069457605,0.04588397980518455,39.18005754455638
234,19.0,-0.0026337056497305333,0.08695849006708306,-0.4006519355602034,08186,3,1,,,0.027430445900896716,23.422694662343517
235,18.0,-0.554336024904042,0.07248397343049928,0.5481847338122039,08186,3,2,0.04296103495342605,36.684172314510946,0.04630071020895432,39.53590115859312
236,-1.0,-0.36881389887686794,0.0739989449773297,0.7470115845926522,08186,3,3,0.011889029399910928,10.151971516315577,0.015090327198678755,12.885540672816967
237,19.0,-0.008833127277053099,0.10816213373743913,-0.3963024647071114,08191,3,1,,,0.030622178899453234,26.148096492813632
238,18.0,-0.5493121821749368,0.08858945797065049,0.5449719821835005,08191,3,2,0.0419935206431121,35.85801759745654,0.04690777219143516,40.05426777604212
239,-1.0,-0.3656996247767662,0.07025493183598093,0.7473537997744057,08191,3,3,,,0.017632616835581705,15.056386678148264
240,19.0,-0.014879231827976014,0.10816213373743913,-0.39364967442848686,08196,3,1,,,0.009594260831554458,8.192482279737048
241,20.0,-1.4599299753393256,0.08128089818888173,0.5836847666579197,08196,3,2,0.04387023310557107,37.46053121083365,0.04576910358429476,39.0819654225549
242,18.0,-0.5786294055562576,0.07467461542191225,0.5546950685176781,08196,3,3,1.04177896269389,889.5688621683781,0.056783228688972676,48.48686136306492
243,18.0,-0.5835847410695485,0.07554365961344303,0.5511875380782807,08201,1,1,0.5398526632245212,460.97697934059323,0.054497750503499365,46.53530512919275
244,18.0,-0.5680017528680763,0.07554365961344303,0.5534093020993106,08206,1,1,0.04171039984721903,35.61626243318682,0.049279235046766345,42.07924580826929
245,20.0,-1.470041492751057,0.06848498305989253,0.5836847666579197,08211,2,1,0.04612738133095266,39.38789666022415,0.04187019781182544,35.75271296505795
246,18.0,-0.5786294055562576,0.0785103735930564,0.5534093020993106,08211,2,2,,,0.04989023878966736,42.600978271504665
247,21.0,-1.0630887033853234,0.08839295581363671,-0.37356526511070776,08216,3,1,0.038933379858380704,33.244981575967564,0.029267783762002175,24.991586537733323
248,-1.0,-1.4853734079708156,-0.6567346055041958,0.4344830756183542,08216,3,2,0.0,0.0,0.0,0.0
249,18.0,-0.5593247991565936,0.08953434464253406,0.5312224100092825,08216,3,3,0.03942299197829069,33.66305845408566,0.049667669294178984,42.41092750263234
250,21.0,-1.069362782221062,0.07921183802703993,-0.3761290860960069,08221,4,1,0.028875961170855953,24.657011556802143,0.027460799052977325,23.448613038435266
251,22.0,-2.0353326026699854,0.08289064832681531,-0.3637755904614559,08221,4,2,0.04282104340285226,36.56463436181982,0.03829909322560321,32.703367991499086
252,20.0,-1.4752951547844346,0.09596703960042968,0.6237072279959026,08221,4,3,0.0051061420788919105,4.360104361720179,0.0042181858408966155,3.6018838095924752
253,18.0,-0.5637590141596036,0.060288258078096985,0.544944631638534,08221,4,4,,,,
254,21.0,-1.069362782221062,0.08196797217832325,-0.3761290860960069,08226,4,1,0.02966198637697974,25.32819380686324,0.029851306227792973,25.489852901838937
255,22.0,-1.9864220379112694,0.07189414795580235,-0.37557395257292137,08226,4,2,0.0339190982008866,28.96331628190704,0.03437894527347707,29.35597696309221
256,20.0,-1.470041492751057,0.09596703960042968,0.5836847666579197,08226,4,3,0.047944350319914036,40.93939567679675,0.0484694516873867,41.3877766124012
257,-1.0,-0.9288021991911607,0.0758268042367286,0.8293445392909152,08226,4,4,,,,
258,21.0,-1.059081941839959,0.0953325627656319,-0.37653721026975107,08231,3,1,0.03023058229171649,25.813714477772187,0.030982129890909593,26.455456504267712
259,22.0,-1.972990225361552,0.07189414795580235,-0.37857523735805865,08231,3,2,0.04300547831955325,36.72212224060129,0.038446347494474675,32.82910753616286
260,20.0,-1.5108721538199608,0.06442520803920865,0.5940201130392884,08231,3,3,1.1321571599810811,966.7422674728,0.04793719850386857,40.93328878359788
261,21.0,-1.0636582709042444,0.08136439105657231,-0.37684148872714096,08236,2,1,0.028381768915820827,24.23502372853267,0.030426103815216377,25.980669144181906
262,20.0,-1.4558488123727442,0.0979352716146406,0.5836847666579197,08236,2,2,0.04271669174086678,36.475529098091165,0.04548253975258687,38.837270270474065
263,21.0,-1.0636582709042444,0.07921183802703993,-0.37684148872714096,08241,2,1,0.030332362634980067,25.900624107732423,0.033492030766311354,28.598645938726097
264,20.0,-1.4531168512579287,0.0979352716146406,0.5836847666579197,08241,2,2,0.044914000325379504,38.35179783393061,0.046315096225029384,39.54818529218508
265,21.0,-1.0636582709042444,0.07921183802703993,-0.37684148872714096,08246,2,1,0.03076949150254737,26.27388584872331,0.032919314738308,28.10960712759565
266,20.0,-1.477581737061179,0.08704513783438522,0.5819325580944257,08246,2,2,0.353504600466557,301.8554765160133,0.047669559717178345,40.70475361493552
267,21.0,-1.0632920794912066,0.0700344988782386,-0.37684148872714096,08251,3,1,1.22947832581356,1049.84423233743,0.034277330923106475,29.269209073476354
268,22.0,-1.9783132783302781,0.06622950878219497,-0.36950226204448233,08251,3,2,0.03572449538982671,30.50493420724361,0.0344120967316458,29.3842847961148
269,20.0,-1.4804937774468863,0.09139681784791276,0.5819325580944257,08251,3,3,0.7853317264569152,670.5900918967591,0.05089111019184578,43.455616410971814
270,21.0,-1.0630887033853234,0.07905385570262882,-0.37684148872714096,08256,3,1,0.028150306596237715,24.037379430039664,0.03318941319425489,28.340242593211883
271,-1.0,-2.002731482427081,-0.26241448412454466,-0.3457009025041091,08256,3,2,0.038794501842945,33.12639446431013,0.03593590959882137,30.685459543304628
272,20.0,-1.4537852553806283,0.09188754979160624,0.580749184155916,08256,3,3,0.045148931870026096,38.55240448307845,0.04743756908676933,40.50665819496943
273,21.0,-1.0636582709042444,0.07313127635667135,-0.37653721026975107,08261,3,1,0.029089345354446947,24.839219042458144,0.035510807333258454,30.32246724625906
274,22.0,-1.9760852995810816,0.071314289567814,-0.36950226204448233,08261,3,2,0.04080667586138764,34.844577894931724,0.03900526650555475,33.306365156575055
275,20.0,-1.48283387376304,0.06902325295213041,0.5921863983355851,08261,3,3,0.045830528518152634,39.134415808363634,0.050604135783856696,43.210570670245616
276,21.0,-1.0846162068843892,0.08997556028383671,-0.3719853881173629,08266,3,1,0.017624534304958837,15.049485053305474,0.01676103394496886,14.312147229999885
277,22.0,-1.9646100740787085,0.07477528654198151,-0.36950226204448233,08266,3,2,0.03938603284270286,33.63149926795411,0.03799500883831358,32.44371214117848
278,20.0,-1.4804937774468863,0.06240365422257743,0.5921863983355851,08266,3,3,0.04633368180640625,39.56405540961902,0.052820775248497265,45.10334592969116
279,22.0,-1.9569984857272593,0.08335382542971442,-0.36752939762310355,08271,2,1,0.04145042061809988,35.39426771519318,0.03754578795571223,32.06012510044518
280,20.0,-1.484917314137489,0.07632490999033131,0.5971208871325155,08271,2,2,0.04723121219367457,40.33045127088621,0.051792615045935464,44.225406045826894
281,22.0,-1.9646100740787085,0.07488909698451368,-0.37024736837401306,08276,2,1,0.043127738653158304,36.82651961254681,0.041220074406473184,35.19757645464815
282,20.0,-1.4836355149195424,0.07632490999033131,0.6019572173604433,08276,2,2,0.043470996759672254,37.11962566879898,0.05340599981958982,45.60306571139379
283,22.0,-1.9646100740787085,0.07625620542972117,-0.36950226204448233,08281,2,1,0.041488248826169465,35.42656899714968,0.04023749134852106,34.35855462357934
284,20.0,-1.4902439688797016,0.07067327822776259,0.5906264179907137,08281,2,2,,,0.05396148459777084,46.0773908607523
285,22.0,-1.9764071674654806,0.07625620542972117,-0.37024736837401306,08286,2,1,0.04370130509507411,37.31628458706083,0.04341010352573216,37.067629298388724
286,20.0,-1.51118502802876,0.09579928446311659,0.5820600762997059,08286,2,2,,,0.0008553390362147084,0.7303689174584422
287,22.0,-1.9760852995810816,0.07625620542972117,-0.37557395257292137,08291,1,1,0.042050202243304066,35.90641767885026,0.04311685682060029,36.81722768042533
288,22.0,-1.9776021253641258,0.06865374793071743,-0.3784210956016043,08296,2,1,0.04387604669952613,37.465495404146154,0.044795943779525615,38.250990051351465
289,23.0,-2.9853397349882873,0.07320009337177152,-0.36020227273332406,08296,2,2,0.04830381905028637,41.24634388837855,0.04698223889102171,40.11785444806451
290,22.0,-1.979292150929891,0.06463496270536101,-0.37557395257292137,08301,2,1,0.042590976232110146,36.36818137262704,0.04465138141479302,38.1275491076267
291,23.0,-2.9749587738193344,0.07754411497603036,-0.3526644811620345,08301,2,2,0.048152947694270545,41.11751573450822,0.047669445901310725,40.70465642824287
292,22.0,-1.9814388440079305,0.06045839722715629,-0.3755238264054639,08306,2,1,0.04476664652032946,38.22597329591576,0.04824064855304422,41.192402976374524
293,23.0,-2.9749587738193344,0.07754411497603036,-0.3526644811620345,08306,2,2,0.05016645838584416,42.83684054236893,0.04590419454611083,39.19731879164311
294,22.0,-1.9797158291345325,0.06249765813913105,-0.3755238264054639,08311,2,1,0.04267119297934061,36.43667797614468,0.04795686547028816,40.950082289290236
295,23.0,-2.975035815723115,0.07754411497603036,-0.3526644811620345,08311,2,2,0.05464076065776897,46.65742064963211,0.048385285464318584,41.315907574948085
296,22.0,-1.9808818967270072,0.06249765813913105,-0.37222932054289104,08316,1,1,,,0.05095839304895333,43.51306884261416
297,22.0,-1.9797158291345325,0.06585941071539969,-0.3755238264054639,08321,2,1,,,0.05319022648382732,45.418818142903646
298,23.0,-2.970894236137679,0.08345963354426994,-0.3363203947169122,08321,2,2,0.050616547345281426,43.221168828751125,0.04751362423873329,40.57160123703248
299,23.0,-2.9749587738193344,0.07968133274487033,-0.3363203947169122,08326,1,1,0.05142655049197365,43.912825699698644,0.048231817843028935,41.18486248559698
300,23.0,-2.975035815723115,0.08345963354426994,-0.3585591463513844,08331,1,1,0.050584797620814186,43.19405792780199,0.04965659925493143,42.40147486193768
301,23.0,-2.9749587738193344,0.07754411497603036,-0.3526644811620345,08336,1,1,0.05170793882607944,44.153101525148855,0.05066048127826672,43.258683752910514
302,23.0,-2.9665294883182978,0.08345963354426994,-0.3363203947169122,08341,1,1,0.05541435616554436,47.31798925417642,0.05372250256087363,45.87332552035457
303,23.0,-2.9665294883182978,0.08345963354426994,-0.3363203947169122,08346,1,1,0.05275780344189897,45.049574678446575,0.05469238288810563,46.701500565187736
304,23.0,-2.975035815723115,0.08345963354426994,-0.3363203947169122,08351,1,1,1.208696241196799,1032.0985338466348,0.05505781859045411,47.01354393866231
305,23.0,-2.9665294883182978,0.08345963354426994,-0.34370854082981506,08356,2,1,0.05333730801440272,45.54441018736346,0.05499527501955653,46.96013835533642
306,24.0,-3.502714921381497,0.06964983485243181,0.5956303756077008,08356,2,2,,,0.03718596752254344,31.752876571936596
307,23.0,-2.9749587738193344,0.07754411497603036,-0.34381941263003446,08361,2,1,1.2196414149013444,1041.444552596534,0.05761306881578715,49.19545691339465
308,24.0,-3.5010793576712533,0.06470276650586604,0.5956303756077008,08361,2,2,0.034731787052273325,29.657266460124877,0.03235067155857829,27.624046097390238
309,23.0,-2.975035815723115,0.07320009337177152,-0.34381941263003446,08366,2,1,0.052930122339512164,45.19671676056685,0.05676071335214811,48.46763565081923
310,24.0,-3.502714921381497,0.06470276650586604,0.600006349547328,08366,2,2,0.9571455771256907,817.3009174340375,0.036538272134719274,31.199813331257825
311,23.0,-2.970894236137679,0.08316535903346012,-0.33071762484656686,08371,2,1,1.2473570035465587,1065.1107289528852,0.05928799440751248,50.62566591761084
312,24.0,-3.480528087141696,0.07718283745443233,0.6028230444954623,08371,2,2,1.2874738030691604,1099.366225543906,0.039141836829235,33.422981743963284
313,23.0,-2.975035815723115,0.07320009337177152,-0.35024464790706533,08376,2,1,2.7104712799198296,2314.4553103505395,0.060448265584066574,51.616414576678615
314,24.0,-3.5072057606952174,0.06180508678130414,0.6041908795218269,08376,2,2,1.3054154082346185,1114.6864555197926,0.04310595119110283,36.80791542823874
315,23.0,-2.985809157941706,0.0679157175083761,-0.3475677421567074,08381,2,1,0.05257525425744429,44.89369701521829,0.060243179207945696,51.4412925394853
316,24.0,-3.4904553856402516,0.06549961202777188,0.6035445833589681,08381,2,2,,,0.04214649059656472,35.988637731200576
317,23.0,-2.985809157941706,0.06945275614570323,-0.34754407761347084,08386,2,1,0.051874788344416,44.29557333682395,0.06254168751788569,53.40397511916674
318,24.0,-3.4904553856402516,0.065849062229973,0.6030879571301275,08386,2,2,1.2367401229418975,1056.045037729054,0.04330724542945241,36.97979938153595
319,23.0,-2.9913775449697213,0.0679157175083761,-0.34754407761347084,08391,2,1,0.05280891697437118,45.0932202199203,0.06612080133567422,56.460159127939804
320,24.0,-3.5108992812944484,0.06470276650586604,0.6030879571301275,08391,2,2,0.5285658942056357,451.3392743827926,0.04192650318145752,35.80079178541353
321,23.0,-3.000255250580053,0.06335216288397116,-0.33071762484656686,08396,2,1,,,,
322,24.0,-3.4861174689326573,0.06821834100318658,0.6028230444954623,08396,2,2,0.04098134440748371,34.99372632792129,0.0407993717718933,34.838340976340234
323,25.0,-4.038986514332298,0.0667419209086475,-0.32166428975348627,08401,2,1,0.04411833761970813,37.672386180307235,0.039865413752978696,34.040839776997025
324,24.0,-3.4957893086429834,0.059843758756304544,0.6130496380539001,08401,2,2,0.04122747342690812,35.20389443420539,0.044079759713728794,37.63944473576306
325,25.0,-4.04339983163713,0.07120169431770984,-0.32090996039432085,08406,2,1,0.040775381588217106,34.81785590113689,0.03878373536599533,33.11720103365675
326,24.0,-3.4886010849791558,0.065849062229973,0.6124847796717159,08406,2,2,0.04107238805161178,35.07146795432661,0.04515810212259941,38.56023490722748
327,25.0,-4.027452339857062,0.08003286516336494,-0.3179935618789784,08411,2,1,0.05849673030700273,49.950010206782316,0.040631543635148815,34.69503352822515
328,24.0,-3.4861174689326573,0.06505648195579006,0.6197328970000955,08411,2,2,,,0.04820872919034147,41.16514722234471
329,25.0,-4.014445746117578,0.07920256582714591,-0.3300372209314135,08416,2,1,0.03949863439454533,33.727649063580515,0.04116350865351037,35.14927529451461
330,24.0,-3.4957893086429834,0.06180508678130414,0.6214876251365604,08416,2,2,,,0.047307331756596516,40.39544931308331
331,25.0,-4.014445746117578,0.07693527671106126,-0.312507003191838,08421,2,1,0.05343291359078694,45.62604722059855,0.041763446186330544,35.66155838675801
332,24.0,-3.4992969334382327,0.04130970172480275,0.6145331424856173,08421,2,2,,,,
333,-1.0,-28.435863011040606,0.9708638837186019,-10.716640834996376,08426,1,1,,,,
334,25.0,-4.039114644538423,0.056265046100212546,-0.32717349545451757,08431,1,1,0.041346835239558455,35.30581677634133,0.043167382266887766,36.860371058602475
335,25.0,-4.042351708755605,0.05370699255387468,-0.3279668569057037,08436,2,1,0.038776778172629776,33.1112603276071,0.04134218807817486,35.30184859286638
336,26.0,-4.484367079972309,0.06574817320528126,0.6488530175759664,08436,2,2,,,0.04285151936305287,36.59065760303506
337,25.0,-4.040019677955607,0.05690756031742095,-0.32090996039432085,08441,2,1,0.03998062391729222,34.13921705130251,0.04330610254542172,36.97882347965735
338,-1.0,-4.302386075071893,0.08469862410604934,0.5492322947324908,08441,2,2,0.8988456436949932,767.5189509098426,0.05075866673213003,43.3425237281859
339,25.0,-4.04418971893885,0.06089087644787494,-0.3237932541965245,08446,2,1,0.039415114937160246,33.65633229549868,0.04386982687546814,37.46018433336407
340,26.0,-4.509260732857774,0.059428458256195915,0.6530450832897694,08446,2,2,,,0.05032069504489134,42.96854230848874
341,25.0,-4.0441906343133605,0.060104850168717694,-0.32529107546754155,08451,2,1,0.03924819684443442,33.51380192856031,0.044597570421332056,38.081600220252895
342,26.0,-4.483880819358251,0.06574817320528126,0.6235400669970996,08451,2,2,,,0.049483412403171445,42.25359163893202
343,25.0,-4.0441906343133605,0.06561058982881274,-0.32166428975348627,08456,2,1,0.039449873564213055,33.68601248047568,0.04611915723915111,39.38087415713255
344,26.0,-4.481217108407138,0.06706024026214119,0.6488530175759664,08456,2,2,,,0.049766666042537544,42.49546023745353
345,-1.0,-38.391074066049086,1.8914360359357412,-27.883042723531037,08461,2,1,,,,
346,-1.0,-19.466994368163782,2.4912333180446864,12.480564719739434,08461,2,2,,,,
347,-1.0,-6.786051117647306,0.996331356954874,-7.538916016882392,08466,3,1,,,0.10756028030921094,91.84508383789593
348,-1.0,-14.224997683850813,0.7569787602974638,-4.218025434156528,08466,3,2,,,,
349,-1.0,-15.75398825304583,0.9379637623942836,10.117923540782009,08466,3,3,,,,
350,27.0,-5.062471715193244,0.07391973738300028,-0.29919535397925223,08471,2,1,0.04106866393703472,35.06828795503162,0.038295879658615084,32.70062394575474
351,26.0,-4.497243332762517,0.06706024026214119,0.6156382127978652,08471,2,2,,,0.050572792873674555,43.18380714559575
352,27.0,-5.1153831592579975,0.053753858161520895,-0.2987863460503579,08476,2,1,0.043935004352082925,37.515838993121534,0.04024077221107586,34.361356132607945
353,26.0,-4.501409197590994,0.07015267022367533,0.6288668337062431,08476,2,2,0.7204174295125869,615.1601596951102,,
354,27.0,-5.1153831592579975,0.06451465275425328,-0.29605029764633173,08481,2,1,0.04271750342207394,36.47622218784797,0.04001642590080079,34.16978815215362
355,26.0,-4.484183526410362,0.06706024026214119,0.640618446598614,08481,2,2,0.7303611347115847,623.6510304425256,0.05351531499066986,45.69640928602689
356,27.0,-5.056857324077787,0.0730248887501036,-0.30911499668701836,08486,2,1,0.039403385643196266,33.64631672112137,0.03451879980004896,29.47539791180282
357,26.0,-4.484367079972309,0.07015267022367533,0.6288668337062431,08486,2,2,,,0.05438703202432199,46.44076327811894
358,27.0,-5.1153831592579975,0.0791101280819062,-0.31142245287431614,08491,2,1,2.0197640791385063,1724.6645383217822,0.03930587987550427,33.563057125826475
359,26.0,-4.598677400854969,0.06574817320528126,0.6676597364225545,08491,2,2,,,,
360,27.0,-5.110778816580125,0.04943102887237183,-0.3035570589556844,08496,1,1,1.9033008769877298,1625.2173024572257,0.04178184036220467,35.67726506417119
361,27.0,-5.108024691239926,0.06379698516010712,-0.29605029764633173,08501,2,1,0.04169823252263883,35.605872827070705,0.040177533768642915,34.30735720260948
362,28.0,-5.426769677147946,0.06724398895648065,0.643591525573421,08501,2,2,0.030813107555914862,26.311129337367063,0.03239833441766127,27.66474512937347
363,27.0,-5.113948146442895,0.06216796592100837,-0.29635473488530373,08506,2,1,0.04143604313257386,35.38199086578632,0.04015249350378586,34.285975469329244
364,28.0,-5.43547820578387,0.045208918522584796,0.6428168053474446,08506,2,2,0.038487324016139614,32.86409714437959,0.04093286694888543,34.95233171425528
365,27.0,-5.1153831592579975,0.0545011001982757,-0.31142245287431614,08511,2,1,2.0298060999030083,1733.2393601460296,0.04418591834796198,37.73009296235036
366,28.0,-5.488511474373322,0.045208918522584796,0.690599769662402,08511,2,2,0.9592159894085227,819.0688301723557,0.03600593177655664,30.745251064543883
367,27.0,-5.1153831592579975,0.0545011001982757,-0.29635473488530373,08516,2,1,0.0657634781209546,56.15504295941732,0.043327993728086045,36.99751623037663
368,28.0,-5.4401236199224074,0.045208918522584796,0.6523015526370326,08516,2,2,,,0.035730177682237296,30.50978628294797
369,27.0,-5.1193486298352475,0.05491730341262724,-0.2961646050800475,08521,2,1,,,0.045209792450257746,38.604372970681204
370,28.0,-5.4401236199224074,0.06115076248508866,0.6523015526370326,08521,2,2,,,0.03519153060516811,30.049838746457397
371,27.0,-5.094361680171888,0.06990628745881033,-0.3002287062269984,08526,3,1,0.0451179308383178,38.52593288642469,0.04701134654555311,40.14270930120431
372,29.0,-5.972532462086281,0.0683043389443585,-0.28588782648897926,08526,3,2,0.0453606994026654,38.73323152009887,0.0405651006690787,34.63829827454597
373,28.0,-5.390578725411581,0.07552727413153759,0.6437593191631406,08526,3,3,0.033619697260745436,28.707659599260264,0.037462830282808834,31.989288036792075
374,27.0,-5.094361680171888,0.06916301801833702,-0.29635473488530373,08531,2,1,,,0.0463901666293971,39.61228746413068
375,28.0,-5.390578725411581,0.0798043992154518,0.6018957680536898,08531,2,2,0.02962390750231387,25.295678482190553,0.033759358738731926,28.8269157049316
376,-1.0,-16.787389805297614,1.1203036391098253,-10.137369893059986,08536,3,1,,,,
377,-1.0,-7.351470260295799,0.10756953176373374,-1.747992896520362,08536,3,2,,,,
378,-1.0,-35.060786540378196,3.3883847311586752,19.434496199203103,08536,3,3,,,,
379,27.0,-5.122645727938341,0.07630625680506953,-0.3079733683677697,08541,3,1,,,0.23114799540703768,197.37589894792177
380,29.0,-5.962939492376175,0.0637075441641084,-0.28588782648897926,08541,3,2,0.04819077715818072,41.149818088819536,0.04576692503289881,39.08010517047085
381,28.0,-5.400551747056116,0.07720629198283713,0.6532984944608495,08541,3,3,,,0.04095070581412685,34.96756421522089
382,27.0,-5.1520937589279505,0.05971874552465117,-0.2984994879759819,08546,3,1,,,0.021492238291434873,18.352094491258338
383,29.0,-5.9619233570291845,0.06104661989775195,-0.28588782648897926,08546,3,2,0.048094067157362454,41.06723799412676,0.043498967484478845,37.14350970440658
384,28.0,-5.400551747056116,0.07720629198283713,0.6523015526370326,08546,3,3,,,0.03942270098715417,33.662809978484326
385,29.0,-5.9748190747241425,0.05331528544956976,-0.2781248208239848,08551,2,1,0.048327466824851076,41.26653658247744,0.04537064042359901,38.74172009876803
386,28.0,-5.390578725411581,0.07720629198283713,0.6115715335219782,08551,2,2,,,0.04604337171754791,39.31616135083143
387,29.0,-5.95366596925477,0.0637075441641084,-0.2884966264908382,08556,3,1,0.04969829090443258,42.43707511356183,0.048230693127171764,41.183902097413736
388,-1.0,-5.9436834731664145,-0.006309890712861366,0.9960359600573527,08556,3,2,,,,
389,28.0,-5.390578725411581,0.07954148680090967,0.6115715335219782,08556,3,3,,,0.039595062042468876,33.809988058815264
390,29.0,-5.95366596925477,0.0668985751523199,-0.2921418707010188,08561,5,1,2.015692544984289,1721.1878795155023,0.04797762896338076,40.96781211258909
391,31.0,-6.304410159793878,0.06713168349859644,0.6293551012998524,08561,5,2,0.0391445297790723,33.425281237817956,0.03706055539041486,31.6457878979714
392,-1.0,-5.6135891396475,0.07065500981574835,0.6143005559386392,08561,5,3,,,,
393,30.0,-6.064402287044504,0.04587277364061526,1.0878982934880774,08561,5,4,,,,
394,28.0,-5.465214915747134,0.07787612216213091,0.6323315791733357,08561,5,5,,,,
395,29.0,-5.9539939059444436,0.0637075441641084,-0.2884966264908382,08566,3,1,1.8025481404030899,1539.1851397303196,0.050662484828600696,43.26039457262824
396,30.0,-6.206695256321651,0.055762808238536854,1.0196141266742647,08566,3,2,0.015519669771187124,13.252153742751782,0.015868223335913756,13.549781559286705
397,-1.0,-5.944114234555142,-0.0034740414122802488,1.0111062835472246,08566,3,3,,,,
398,-1.0,-5.604593121118702,0.08515662086616738,-0.32842635315178814,08571,5,1,0.00650061787164236,5.550838950054211,0.008212593717611572,7.012684946080591
399,29.0,-5.942010824781897,0.06906405952197647,-0.28588782648897926,08571,5,2,1.4439275683775419,1232.9611655179724,0.04801543815465753,41.000097156219276
400,31.0,-6.3791942658669125,0.05795723893423599,0.6672665134002296,08571,5,3,0.0,0.0,0.0,0.0
401,30.0,-6.207849315054963,0.047202074526464965,1.0347135683169864,08571,5,4,0.013176342136905486,11.251200208496027,0.016420035006375566,14.020970263802887
402,30.0,-6.05422154945542,0.0502465261477163,1.0356471197649721,08571,5,5,,,,
403,-1.0,-5.603747598129712,0.07666952478277134,-0.32589381392684036,08576,4,1,0.08692379414392692,74.2237109991364,0.008733293083341087,7.457307038569422
404,29.0,-5.960443271949245,0.05561857787738278,-0.28849149873626967,08576,4,2,1.8399398509144869,1571.113699017158,0.05017225023108535,42.84178616458397
405,32.0,-6.904916683433383,0.04221575852227821,-0.2634769339439531,08576,4,3,0.03711079642003369,31.688688414446236,0.03740320918076412,31.938377932243604
406,-1.0,-5.292345627624348,0.06671564732936885,0.33086626550174447,08576,4,4,,,,
407,29.0,-5.9619233570291845,0.054332296650320355,-0.2860629649808102,08581,4,1,1.8287627032418214,1561.569599075122,0.050820759357553535,43.39554425185265
408,32.0,-6.872897286910923,0.06442823942163178,-0.2573344462069054,08581,4,2,0.036532963686618035,31.19528047898647,0.03689713397268518,31.506243321022158
409,31.0,-6.412491124747854,0.05795723893423599,0.69103085754187,08581,4,3,0.0,0.0,0.0,0.0
410,30.0,-6.233198884603741,0.04672883823354779,1.0353786282876518,08581,4,4,,,,
411,29.0,-5.9619233570291845,0.05411429270448487,-0.2904056590857653,08586,4,1,,,0.052878606622501934,45.152727796107364
412,32.0,-6.872897286910923,0.058047372507590955,-0.2553215909164086,08586,4,2,0.045522703805965195,38.87156611685153,0.038894003795886534,33.21135859032094
413,31.0,-6.412179736563746,0.055111271406268036,0.6820619443814877,08586,4,3,0.03518234176708852,30.041992452255045,0.03539862578654307,30.226676090513465
414,30.0,-6.133158018193475,0.06901699609389289,0.9978287427736978,08586,4,4,,,,
415,29.0,-5.962206610130104,0.04950225935795749,-0.28615592885431873,08591,4,1,0.11355578256991736,96.96460757102365,0.05430738442155297,46.372752663673
416,32.0,-6.872897286910923,0.06442823942163178,-0.2544733424292964,08591,4,2,0.0388194671983029,33.14771223281443,0.039437611680528784,33.67554213090282
417,31.0,-6.412491124747854,0.05087975572239367,0.6820619443814877,08591,4,3,0.03510990722417988,29.98014102673739,0.03850359679441617,32.87799237299735
418,30.0,-6.221156608857603,0.07029868750233681,1.0196141266742647,08591,4,4,,,,
419,29.0,-5.962206610130104,0.050809465467078097,-0.28615592885431873,08596,3,1,1.3401180098166436,1144.3188006803996,0.05499909791286817,46.96340270120555
420,32.0,-6.872897286910923,0.07356068262059123,-0.2614750641844825,08596,3,2,0.043400237705912656,37.05920493350378,0.036001521717205,30.741485341084278
421,31.0,-6.412179736563746,0.05795723893423599,0.6696418387944583,08596,3,3,0.03782187751933399,32.29587633728383,0.04063056996769432,34.694202119374864
422,29.0,-5.962478258185026,0.04950225935795749,-0.28849149873626967,08601,3,1,,,0.05715608010206019,48.80523696784817
423,32.0,-6.877250692748212,0.058047372507590955,-0.2614750641844825,08601,3,2,0.04503474811924303,38.454903657183905,0.036170094504650974,30.88542864200591
424,31.0,-6.412491124747854,0.05582660677099405,0.6718861994146543,08601,3,3,,,0.03863470289731957,32.98994309475269
425,29.0,-5.970084038475536,0.04910505322622627,-0.2800332518406936,08606,3,1,0.03941040497108344,33.652310483469606,0.038169066784745576,32.59233918674531
426,32.0,-6.897858841792437,0.04790476765056706,-0.2614750641844825,08606,3,2,0.03737389539055003,31.913347061069974,0.03868951179604507,33.03674408749866
427,-1.0,-5.862580251503951,0.060873781090828194,0.3786011712683619,08606,3,3,,,0.01120853389039464,9.570900446742666
428,32.0,-6.897858841792437,0.054713967678818864,-0.27174540538648717,08611,4,1,,,0.03788758694571576,32.35198522578453
429,33.0,-7.297368227765828,0.06030535034613749,0.6753551694419277,08611,4,2,0.04548458888926657,38.839020016101365,0.046654676986952914,39.83815128575578
430,31.0,-6.412491124747854,0.05087975572239367,0.6644528543489647,08611,4,3,0.034461239419079026,29.426247444727732,0.039649718833660585,33.856659167842516
431,-1.0,-5.901036206697761,0.07137214566150396,0.4087129363341715,08611,4,4,,,,
432,32.0,-6.893062892917744,0.054713967678818864,-0.2614750641844825,08616,4,1,0.04271600376218955,36.474941637189175,0.0394740583402593,33.70666371694682
433,33.0,-7.332929412415534,0.04671054495723714,0.6581840640202374,08616,4,2,0.32272348807427675,275.5716676586411,0.04715736346403837,40.26739227973018
434,31.0,-6.412491124747854,0.05795723893423599,0.6644528543489647,08616,4,3,0.7976213540804575,681.0841318544079,0.04446217719976725,37.96598875336238
435,-1.0,-6.087386631496507,0.07950832382814821,0.5452179712759087,08616,4,4,,,,
436,32.0,-6.872050153033587,0.06442823942163178,-0.2614750641844825,08621,3,1,0.03807066835969554,32.50831735663984,0.03993816360089869,34.10296043958918
437,33.0,-7.33471401767924,0.04389826172581235,0.6878801222075337,08621,3,2,0.05033714030669331,42.98258481976332,0.050549795876571324,43.1641701465019
438,31.0,-6.417705847306617,0.05582660677099405,0.6701291161603748,08621,3,3,0.03699493229814755,31.589752729657718,,
439,32.0,-6.861400119692858,0.05795305092523462,-0.2573344462069054,08626,3,1,0.04464301016422986,38.120400946543526,0.040484798482495477,34.56972871487301
440,33.0,-7.222341261057607,0.06542245803258395,0.6480105863883878,08626,3,2,1.1863942698785162,1013.0550131381578,0.04928865927760878,42.08729310295226
441,31.0,-6.412491124747854,0.05795723893423599,0.664174443293752,08626,3,3,0.03815046450320767,32.576454809143165,0.045499034743285593,38.8513552449579
442,32.0,-6.88963755133735,0.0609003151783476,-0.2610414298826349,08631,3,1,0.041734072697251164,35.63647653907825,0.04148789935583885,35.42627058651221
443,33.0,-7.314575552955416,0.059636979288423486,0.6563679468217822,08631,3,2,1.187580656463142,1014.0680615889045,0.05032310595337708,42.97060096891025
444,31.0,-6.423265942756419,0.05795723893423599,0.671061120808031,08631,3,3,,,,
445,32.0,-6.86991702686647,0.0609003151783476,-0.2573344462069054,08636,3,1,0.9615562885799402,821.0671977201779,0.04182914979735508,35.71766230955974
446,33.0,-7.337856432506584,0.04389826172581235,0.7205080022426396,08636,3,2,1.2640873604474654,1079.396681237356,0.05414223380920469,46.23173153772016
447,31.0,-6.398339490314874,0.06727518998523485,0.6638912581292882,08636,3,3,,,,
448,32.0,-6.894847223996837,0.04790476765056706,-0.2614750641844825,08641,4,1,0.999814965888447,853.7360548003682,0.04308544747030363,36.7904074229567
449,34.0,-8.22145869436584,0.03033194792316163,0.6876161156868754,08641,4,2,0.050833948882745866,43.40680670899379,0.05122375071146501,43.739656172903274
450,33.0,-7.297368227765828,0.06030535034613749,0.7031740475839907,08641,4,3,1.5447997499978907,1319.0953216506896,0.053756483400239474,45.90234155705014
451,-1.0,-6.981127615091749,0.04617221622517809,1.062053768320471,08641,4,4,,,,
452,32.0,-6.895070191665286,0.04221575852227821,-0.26209028187047956,08646,3,1,0.03879399752105449,33.12596382684635,0.04238407099553315,36.19150622130461
453,34.0,-8.242421606365054,0.03033194792316163,0.699053607873168,08646,3,2,0.04903537244365658,41.87101298140089,0.04978236766249966,42.5088677573825
454,33.0,-7.3532470086870205,0.04671054495723714,0.6638330105999746,08646,3,3,0.05087454485031666,43.44147136433219,0.05301737244367727,45.27121910575294
455,32.0,-6.895348448538094,0.03451348293915202,-0.26517054497675563,08651,3,1,1.0333049495586988,882.3329527359404,0.04374667578476127,37.355026349225454
456,34.0,-8.242421606365054,0.03033194792316163,0.699053607873168,08651,3,2,0.05079272557722195,43.37160637350716,0.05001680130121677,42.709049247617536
457,33.0,-7.340821567342332,0.04300912749974328,0.6681042094607035,08651,3,3,0.06251152196340226,53.37821693154782,0.05301455841356445,45.268816222170905
458,32.0,-6.89524150952795,0.05166256321060869,-0.2610414298826349,08656,4,1,0.6108574373526502,521.6075337975102,0.04588262599110282,39.17890153076132
459,34.0,-8.258254955981185,0.03033194792316163,0.6876161156868754,08656,4,2,0.17066795334629303,145.73235062674027,0.05454595408979307,46.576465884926236
460,34.0,-8.258254955981185,0.03033194792316163,0.6876161156868754,08656,4,3,0.051801763078079426,44.23321749608342,0.049249158002040994,42.053563198606554
461,33.0,-7.328594868767417,0.04671054495723714,0.6638330105999746,08656,4,4,1.190436095721744,1016.5063041943197,0.05424587207781678,46.32022763908888
462,32.0,-6.89524150952795,0.03451348293915202,-0.26517054497675563,08661,4,1,,,0.044752070410385925,38.21352684229974
463,-1.0,-8.254744125119398,-0.2701150551282938,0.7073900293670725,08661,4,2,0.34700818448034765,296.3082255309473,0.04866833697256978,41.55760357491237
464,-1.0,-8.257039686945925,-0.30175104377985473,0.7404868720346869,08661,4,3,0.08259867354966201,70.5305162394417,0.03986825703140684,34.04326763554161
465,33.0,-7.340821567342332,0.05025039085460237,0.680394522327811,08661,4,4,0.04763696906288048,40.67692464900391,0.04985689399931975,42.57250535328402
